{"cameraMode":{"drawMode":0,"name":"Shaded","section":"Shading Mode"},"sceneLighting":false,"audioPlay":false,"sceneViewState":{"m_AlwaysRefresh":false,"showFog":false,"showSkybox":false,"showFlares":false,"showImageEffects":false,"showParticleSystems":false,"showVisualEffectGraphs":true,"m_FxEnabled":true},"in2DMode":false,"pivot":{"x":-0.002979278564453125,"y":0.9666380882263184,"z":0.03685048222541809},"rotation":{"x":-0.022188086062669755,"y":0.76522296667099,"z":-0.026409314945340158,"w":-0.6428444981575012},"size":1.5808360576629639,"orthographic":false}